"country","subject","resp","cat","condition","site"
"Belgium",468,2,-0.5,"body",1
"Belgium",468,3,0.5,"mind",1
"Belgium",473,1,-0.5,"body",1
"Belgium",473,3,0.5,"mind",1
"Belgium",475,2,-0.5,"body",1
"Belgium",475,2,0.5,"mind",1
"Belgium",478,0,-0.5,"body",1
"Belgium",478,0,0.5,"mind",1
"Belgium",479,0,-0.5,"body",1
"Belgium",479,0,0.5,"mind",1
"Belgium",481,0,-0.5,"body",1
"Belgium",481,1,0.5,"mind",1
"Belgium",482,0,-0.5,"body",1
"Belgium",482,1,0.5,"mind",1
"Belgium",486,1,-0.5,"body",1
"Belgium",486,3,0.5,"mind",1
"Belgium",500,0,-0.5,"body",1
"Belgium",500,0,0.5,"mind",1
"Belgium",501,0,-0.5,"body",1
"Belgium",501,0,0.5,"mind",1
"Belgium",504,0,-0.5,"body",1
"Belgium",504,2,0.5,"mind",1
"Belgium",512,0,-0.5,"body",1
"Belgium",512,1,0.5,"mind",1
"Belgium",515,0,-0.5,"body",1
"Belgium",515,1,0.5,"mind",1
"Belgium",534,0,-0.5,"body",1
"Belgium",534,0,0.5,"mind",1
"Belgium",537,1,-0.5,"body",1
"Belgium",537,3,0.5,"mind",1
"Belgium",541,0,-0.5,"body",1
"Belgium",541,0,0.5,"mind",1
"Belgium",550,1,-0.5,"body",1
"Belgium",550,3,0.5,"mind",1
"Belgium",559,0,-0.5,"body",1
"Belgium",559,2,0.5,"mind",1
"Belgium",567,0,-0.5,"body",1
"Belgium",567,1,0.5,"mind",1
"Belgium",573,0,-0.5,"body",1
"Belgium",573,1,0.5,"mind",1
"Belgium",580,0,-0.5,"body",1
"Belgium",580,1,0.5,"mind",1
"Belgium",590,0,-0.5,"body",1
"Belgium",590,1,0.5,"mind",1
"Belgium",599,0,-0.5,"body",1
"Belgium",599,2,0.5,"mind",1
"Belgium",603,0,-0.5,"body",1
"Belgium",603,0,0.5,"mind",1
"Belgium",605,0,-0.5,"body",1
"Belgium",605,1,0.5,"mind",1
"Belgium",611,0,-0.5,"body",1
"Belgium",611,0,0.5,"mind",1
"Belgium",617,0,-0.5,"body",1
"Belgium",617,0,0.5,"mind",1
"Belgium",621,0,-0.5,"body",1
"Belgium",621,1,0.5,"mind",1
"Belgium",623,0,-0.5,"body",1
"Belgium",623,0,0.5,"mind",1
"Belgium",627,1,-0.5,"body",1
"Belgium",627,2,0.5,"mind",1
"Belgium",633,0,-0.5,"body",1
"Belgium",633,0,0.5,"mind",1
"Belgium",638,0,-0.5,"body",1
"Belgium",638,0,0.5,"mind",1
"Belgium",642,0,-0.5,"body",1
"Belgium",642,0,0.5,"mind",1
"Belgium",643,0,-0.5,"body",1
"Belgium",643,0,0.5,"mind",1
"Belgium",645,0,-0.5,"body",1
"Belgium",645,0,0.5,"mind",1
"Belgium",659,0,-0.5,"body",1
"Belgium",659,0,0.5,"mind",1
"Belgium",673,0,-0.5,"body",1
"Belgium",673,2,0.5,"mind",1
"Belgium",676,0,-0.5,"body",1
"Belgium",676,0,0.5,"mind",1
"Belgium",681,0,-0.5,"body",1
"Belgium",681,0,0.5,"mind",1
"Belgium",691,0,-0.5,"body",1
"Belgium",691,0,0.5,"mind",1
"Belgium",693,1,-0.5,"body",1
"Belgium",693,3,0.5,"mind",1
"Belgium",694,0,-0.5,"body",1
"Belgium",694,0,0.5,"mind",1
"Belgium",704,0,-0.5,"body",1
"Belgium",704,0,0.5,"mind",1
"Belgium",705,0,-0.5,"body",1
"Belgium",705,0,0.5,"mind",1
"Belgium",709,0,-0.5,"body",1
"Belgium",709,1,0.5,"mind",1
"Belgium",717,0,-0.5,"body",1
"Belgium",717,1,0.5,"mind",1
"Belgium",723,0,-0.5,"body",1
"Belgium",723,1,0.5,"mind",1
"Belgium",727,0,-0.5,"body",1
"Belgium",727,0,0.5,"mind",1
"Belgium",732,0,-0.5,"body",1
"Belgium",732,1,0.5,"mind",1
"Belgium",742,0,-0.5,"body",1
"Belgium",742,0,0.5,"mind",1
"Belgium",743,0,-0.5,"body",1
"Belgium",743,0,0.5,"mind",1
"Belgium",747,0,-0.5,"body",1
"Belgium",747,0,0.5,"mind",1
"Belgium",753,0,-0.5,"body",1
"Belgium",753,0,0.5,"mind",1
"Belgium",763,2,-0.5,"body",1
"Belgium",763,3,0.5,"mind",1
"Belgium",767,0,-0.5,"body",1
"Belgium",767,0,0.5,"mind",1
"Belgium",771,0,-0.5,"body",1
"Belgium",771,0,0.5,"mind",1
"Belgium",775,0,-0.5,"body",1
"Belgium",775,0,0.5,"mind",1
"Belgium",776,2,-0.5,"body",1
"Belgium",776,2,0.5,"mind",1
"Belgium",780,0,-0.5,"body",1
"Belgium",780,0,0.5,"mind",1
"Belgium",782,1,-0.5,"body",1
"Belgium",782,3,0.5,"mind",1
"Brazil",788,2,-0.5,"body",2
"Brazil",788,3,0.5,"mind",2
"Brazil",789,0,-0.5,"body",2
"Brazil",789,0,0.5,"mind",2
"Brazil",791,1,-0.5,"body",2
"Brazil",791,3,0.5,"mind",2
"Brazil",808,0,-0.5,"body",2
"Brazil",808,2,0.5,"mind",2
"Brazil",811,1,-0.5,"body",2
"Brazil",811,2,0.5,"mind",2
"Brazil",822,2,-0.5,"body",2
"Brazil",822,3,0.5,"mind",2
"Brazil",828,0,-0.5,"body",2
"Brazil",828,1,0.5,"mind",2
"Brazil",830,0,-0.5,"body",2
"Brazil",830,0,0.5,"mind",2
"Brazil",836,0,-0.5,"body",2
"Brazil",836,0,0.5,"mind",2
"Brazil",839,0,-0.5,"body",2
"Brazil",839,0,0.5,"mind",2
"Brazil",851,0,-0.5,"body",2
"Brazil",851,0,0.5,"mind",2
"Brazil",864,0,-0.5,"body",2
"Brazil",864,3,0.5,"mind",2
"Brazil",873,0,-0.5,"body",2
"Brazil",873,3,0.5,"mind",2
"Brazil",878,1,-0.5,"body",2
"Brazil",878,1,0.5,"mind",2
"Brazil",904,0,-0.5,"body",2
"Brazil",904,1,0.5,"mind",2
"Brazil",913,0,-0.5,"body",2
"Brazil",913,3,0.5,"mind",2
"Brazil",914,0,-0.5,"body",2
"Brazil",914,1,0.5,"mind",2
"Brazil",915,0,-0.5,"body",2
"Brazil",915,3,0.5,"mind",2
"Brazil",927,0,-0.5,"body",2
"Brazil",927,0,0.5,"mind",2
"Brazil",930,1,-0.5,"body",2
"Brazil",930,3,0.5,"mind",2
"Brazil",935,0,-0.5,"body",2
"Brazil",935,0,0.5,"mind",2
"Brazil",941,3,-0.5,"body",2
"Brazil",941,3,0.5,"mind",2
"Brazil",942,0,-0.5,"body",2
"Brazil",942,0,0.5,"mind",2
"Brazil",946,0,-0.5,"body",2
"Brazil",946,3,0.5,"mind",2
"Brazil",950,1,-0.5,"body",2
"Brazil",950,2,0.5,"mind",2
"Brazil",951,0,-0.5,"body",2
"Brazil",951,3,0.5,"mind",2
"Brazil",960,1,-0.5,"body",2
"Brazil",960,2,0.5,"mind",2
"Brazil",965,0,-0.5,"body",2
"Brazil",965,0,0.5,"mind",2
"Brazil",967,0,-0.5,"body",2
"Brazil",967,3,0.5,"mind",2
"Brazil",970,1,-0.5,"body",2
"Brazil",970,3,0.5,"mind",2
"Brazil",984,1,-0.5,"body",2
"Brazil",984,3,0.5,"mind",2
"Brazil",986,1,-0.5,"body",2
"Brazil",986,2,0.5,"mind",2
"Brazil",989,0,-0.5,"body",2
"Brazil",989,1,0.5,"mind",2
"Brazil",1001,0,-0.5,"body",2
"Brazil",1001,0,0.5,"mind",2
"Brazil",1019,0,-0.5,"body",2
"Brazil",1019,0,0.5,"mind",2
"Brazil",1021,2,-0.5,"body",2
"Brazil",1021,2,0.5,"mind",2
"Brazil",1023,1,-0.5,"body",2
"Brazil",1023,3,0.5,"mind",2
"Brazil",1033,0,-0.5,"body",2
"Brazil",1033,0,0.5,"mind",2
"Brazil",1039,1,-0.5,"body",2
"Brazil",1039,3,0.5,"mind",2
"Brazil",1045,0,-0.5,"body",2
"Brazil",1045,2,0.5,"mind",2
"Brazil",1061,0,-0.5,"body",2
"Brazil",1061,0,0.5,"mind",2
"Brazil",1063,2,-0.5,"body",2
"Brazil",1063,2,0.5,"mind",2
"Brazil",1067,0,-0.5,"body",2
"Brazil",1067,0,0.5,"mind",2
"Brazil",1070,0,-0.5,"body",2
"Brazil",1070,0,0.5,"mind",2
"Brazil",1078,1,-0.5,"body",2
"Brazil",1078,3,0.5,"mind",2
"Brazil",1079,0,-0.5,"body",2
"Brazil",1079,1,0.5,"mind",2
"Brazil",1080,0,-0.5,"body",2
"Brazil",1080,1,0.5,"mind",2
"Brazil",1081,1,-0.5,"body",2
"Brazil",1081,2,0.5,"mind",2
"Brazil",1084,1,-0.5,"body",2
"Brazil",1084,3,0.5,"mind",2
"Brazil",1089,0,-0.5,"body",2
"Brazil",1089,0,0.5,"mind",2
"Brazil",1091,1,-0.5,"body",2
"Brazil",1091,2,0.5,"mind",2
"Brazil",1097,1,-0.5,"body",2
"Brazil",1097,2,0.5,"mind",2
"Brazil",1099,1,-0.5,"body",2
"Brazil",1099,2,0.5,"mind",2
"Brazil",1103,0,-0.5,"body",2
"Brazil",1103,2,0.5,"mind",2
"Brazil",1111,1,-0.5,"body",2
"Brazil",1111,3,0.5,"mind",2
"Brazil",1114,0,-0.5,"body",2
"Brazil",1114,0,0.5,"mind",2
"Brazil",1131,2,-0.5,"body",2
"Brazil",1131,3,0.5,"mind",2
"Brazil",1152,1,-0.5,"body",2
"Brazil",1152,3,0.5,"mind",2
"Brazil",1158,1,-0.5,"body",2
"Brazil",1158,3,0.5,"mind",2
"Brazil",1180,2,-0.5,"body",2
"Brazil",1180,2,0.5,"mind",2
"China",1848,0,-0.5,"body",3
"China",1848,2,0.5,"mind",3
"China",1852,0,-0.5,"body",3
"China",1852,2,0.5,"mind",3
"China",1857,1,-0.5,"body",3
"China",1857,3,0.5,"mind",3
"China",1863,1,-0.5,"body",3
"China",1863,3,0.5,"mind",3
"China",1875,1,-0.5,"body",3
"China",1875,2,0.5,"mind",3
"China",1876,2,-0.5,"body",3
"China",1876,3,0.5,"mind",3
"China",1877,0,-0.5,"body",3
"China",1877,0,0.5,"mind",3
"China",1885,0,-0.5,"body",3
"China",1885,3,0.5,"mind",3
"China",1892,0,-0.5,"body",3
"China",1892,2,0.5,"mind",3
"China",1897,1,-0.5,"body",3
"China",1897,1,0.5,"mind",3
"China",1899,2,-0.5,"body",3
"China",1899,2,0.5,"mind",3
"China",1906,0,-0.5,"body",3
"China",1906,0,0.5,"mind",3
"China",1912,3,-0.5,"body",3
"China",1912,3,0.5,"mind",3
"China",1930,0,-0.5,"body",3
"China",1930,3,0.5,"mind",3
"China",1931,3,-0.5,"body",3
"China",1931,3,0.5,"mind",3
"China",1933,0,-0.5,"body",3
"China",1933,3,0.5,"mind",3
"China",1937,3,-0.5,"body",3
"China",1937,3,0.5,"mind",3
"China",1942,0,-0.5,"body",3
"China",1942,3,0.5,"mind",3
"China",1948,1,-0.5,"body",3
"China",1948,3,0.5,"mind",3
"China",1951,2,-0.5,"body",3
"China",1951,3,0.5,"mind",3
"China",1952,0,-0.5,"body",3
"China",1952,1,0.5,"mind",3
"China",1961,0,-0.5,"body",3
"China",1961,3,0.5,"mind",3
"China",1962,0,-0.5,"body",3
"China",1962,0,0.5,"mind",3
"China",1963,0,-0.5,"body",3
"China",1963,3,0.5,"mind",3
"China",1971,0,-0.5,"body",3
"China",1971,2,0.5,"mind",3
"China",1975,1,-0.5,"body",3
"China",1975,3,0.5,"mind",3
"China",1983,0,-0.5,"body",3
"China",1983,3,0.5,"mind",3
"China",1991,1,-0.5,"body",3
"China",1991,2,0.5,"mind",3
"China",2004,0,-0.5,"body",3
"China",2004,3,0.5,"mind",3
"China",2007,0,-0.5,"body",3
"China",2007,2,0.5,"mind",3
"China",2010,3,-0.5,"body",3
"China",2010,3,0.5,"mind",3
"China",2015,0,-0.5,"body",3
"China",2015,3,0.5,"mind",3
"China",2034,0,-0.5,"body",3
"China",2034,2,0.5,"mind",3
"China",2040,2,-0.5,"body",3
"China",2040,3,0.5,"mind",3
"China",2044,0,-0.5,"body",3
"China",2044,3,0.5,"mind",3
"China",2050,0,-0.5,"body",3
"China",2050,3,0.5,"mind",3
"China",2051,1,-0.5,"body",3
"China",2051,2,0.5,"mind",3
"China",2061,0,-0.5,"body",3
"China",2061,0,0.5,"mind",3
"China",2075,0,-0.5,"body",3
"China",2075,2,0.5,"mind",3
"China",2084,2,-0.5,"body",3
"China",2084,3,0.5,"mind",3
"China",2096,3,-0.5,"body",3
"China",2096,3,0.5,"mind",3
"China",2103,0,-0.5,"body",3
"China",2103,3,0.5,"mind",3
"China",2107,3,-0.5,"body",3
"China",2107,3,0.5,"mind",3
"China",2108,0,-0.5,"body",3
"China",2108,0,0.5,"mind",3
"China",2109,1,-0.5,"body",3
"China",2109,2,0.5,"mind",3
"China",2114,0,-0.5,"body",3
"China",2114,0,0.5,"mind",3
"China",2121,0,-0.5,"body",3
"China",2121,0,0.5,"mind",3
"China",2125,2,-0.5,"body",3
"China",2125,3,0.5,"mind",3
"China",2128,0,-0.5,"body",3
"China",2128,3,0.5,"mind",3
"China",2129,0,-0.5,"body",3
"China",2129,2,0.5,"mind",3
"China",2151,1,-0.5,"body",3
"China",2151,3,0.5,"mind",3
"China",2166,0,-0.5,"body",3
"China",2166,1,0.5,"mind",3
"China",2176,0,-0.5,"body",3
"China",2176,3,0.5,"mind",3
"China",2179,3,-0.5,"body",3
"China",2179,3,0.5,"mind",3
"China",2199,0,-0.5,"body",3
"China",2199,2,0.5,"mind",3
"China",2201,0,-0.5,"body",3
"China",2201,1,0.5,"mind",3
"China",2204,0,-0.5,"body",3
"China",2204,0,0.5,"mind",3
"China",2211,1,-0.5,"body",3
"China",2211,3,0.5,"mind",3
"China",2223,0,-0.5,"body",3
"China",2223,0,0.5,"mind",3
"China",2229,1,-0.5,"body",3
"China",2229,1,0.5,"mind",3
"Germany",3382,1,-0.5,"body",4
"Germany",3382,2,0.5,"mind",4
"Germany",3468,1,-0.5,"body",4
"Germany",3468,3,0.5,"mind",4
"Germany",3469,0,-0.5,"body",4
"Germany",3469,0,0.5,"mind",4
"Germany",3471,2,-0.5,"body",4
"Germany",3471,3,0.5,"mind",4
"Germany",3481,0,-0.5,"body",4
"Germany",3481,2,0.5,"mind",4
"Germany",3502,1,-0.5,"body",4
"Germany",3502,2,0.5,"mind",4
"Germany",3503,0,-0.5,"body",4
"Germany",3503,0,0.5,"mind",4
"Germany",3518,0,-0.5,"body",4
"Germany",3518,0,0.5,"mind",4
"Germany",3528,1,-0.5,"body",4
"Germany",3528,3,0.5,"mind",4
"Germany",3538,0,-0.5,"body",4
"Germany",3538,1,0.5,"mind",4
"Germany",3566,0,-0.5,"body",4
"Germany",3566,3,0.5,"mind",4
"Germany",3593,0,-0.5,"body",4
"Germany",3593,0,0.5,"mind",4
"Germany",3609,2,-0.5,"body",4
"Germany",3609,1,0.5,"mind",4
"Germany",3618,1,-0.5,"body",4
"Germany",3618,2,0.5,"mind",4
"Germany",3631,0,-0.5,"body",4
"Germany",3631,0,0.5,"mind",4
"Germany",3664,0,-0.5,"body",4
"Germany",3664,3,0.5,"mind",4
"Germany",3671,0,-0.5,"body",4
"Germany",3671,2,0.5,"mind",4
"Germany",3705,0,-0.5,"body",4
"Germany",3705,0,0.5,"mind",4
"Germany",3720,0,-0.5,"body",4
"Germany",3720,1,0.5,"mind",4
"Germany",3739,2,-0.5,"body",4
"Germany",3739,3,0.5,"mind",4
"Germany",3776,0,-0.5,"body",4
"Germany",3776,0,0.5,"mind",4
"Germany",3812,1,-0.5,"body",4
"Germany",3812,3,0.5,"mind",4
"Germany",3814,0,-0.5,"body",4
"Germany",3814,0,0.5,"mind",4
"Germany",3841,1,-0.5,"body",4
"Germany",3841,3,0.5,"mind",4
"Germany",3871,0,-0.5,"body",4
"Germany",3871,1,0.5,"mind",4
"Germany",3883,0,-0.5,"body",4
"Germany",3883,0,0.5,"mind",4
"Germany",3897,0,-0.5,"body",4
"Germany",3897,0,0.5,"mind",4
"Germany",3898,0,-0.5,"body",4
"Germany",3898,0,0.5,"mind",4
"Germany",3910,1,-0.5,"body",4
"Germany",3910,3,0.5,"mind",4
"Germany",3911,0,-0.5,"body",4
"Germany",3911,0,0.5,"mind",4
"Germany",3919,0,-0.5,"body",4
"Germany",3919,3,0.5,"mind",4
"Germany",3930,0,-0.5,"body",4
"Germany",3930,1,0.5,"mind",4
"Germany",3964,0,-0.5,"body",4
"Germany",3964,0,0.5,"mind",4
"Germany",3986,0,-0.5,"body",4
"Germany",3986,0,0.5,"mind",4
"Germany",4001,0,-0.5,"body",4
"Germany",4001,0,0.5,"mind",4
"Germany",4007,0,-0.5,"body",4
"Germany",4007,3,0.5,"mind",4
"Germany",4036,0,-0.5,"body",4
"Germany",4036,0,0.5,"mind",4
"Germany",4066,0,-0.5,"body",4
"Germany",4066,0,0.5,"mind",4
"Germany",4073,1,-0.5,"body",4
"Germany",4073,3,0.5,"mind",4
"Germany",4079,0,-0.5,"body",4
"Germany",4079,2,0.5,"mind",4
"Germany",4123,0,-0.5,"body",4
"Germany",4123,0,0.5,"mind",4
"Germany",4141,0,-0.5,"body",4
"Germany",4141,1,0.5,"mind",4
"Germany",4204,0,-0.5,"body",4
"Germany",4204,0,0.5,"mind",4
"Germany",4229,0,-0.5,"body",4
"Germany",4229,3,0.5,"mind",4
"Germany",4243,1,-0.5,"body",4
"Germany",4243,2,0.5,"mind",4
"Germany",4276,2,-0.5,"body",4
"Germany",4276,3,0.5,"mind",4
"Germany",4308,0,-0.5,"body",4
"Germany",4308,3,0.5,"mind",4
"Germany",4318,1,-0.5,"body",4
"Germany",4318,3,0.5,"mind",4
"Germany",4359,1,-0.5,"body",4
"Germany",4359,2,0.5,"mind",4
"Germany",4377,1,-0.5,"body",4
"Germany",4377,3,0.5,"mind",4
"Germany",4460,0,-0.5,"body",4
"Germany",4460,0,0.5,"mind",4
"Germany",4465,3,-0.5,"body",4
"Germany",4465,3,0.5,"mind",4
"Germany",4474,0,-0.5,"body",4
"Germany",4474,3,0.5,"mind",4
"Germany",4475,0,-0.5,"body",4
"Germany",4475,2,0.5,"mind",4
"Germany",4506,0,-0.5,"body",4
"Germany",4506,1,0.5,"mind",4
"Germany",4562,0,-0.5,"body",4
"Germany",4562,0,0.5,"mind",4
"Germany",4567,0,-0.5,"body",4
"Germany",4567,0,0.5,"mind",4
"Germany",4605,0,-0.5,"body",4
"Germany",4605,1,0.5,"mind",4
"Germany",4613,1,-0.5,"body",4
"Germany",4613,3,0.5,"mind",4
"Germany",4626,0,-0.5,"body",4
"Germany",4626,0,0.5,"mind",4
"India",4675,0,-0.5,"body",5
"India",4675,0,0.5,"mind",5
"India",4687,0,-0.5,"body",5
"India",4687,0,0.5,"mind",5
"India",4696,1,-0.5,"body",5
"India",4696,3,0.5,"mind",5
"India",4697,2,-0.5,"body",5
"India",4697,1,0.5,"mind",5
"India",4706,3,-0.5,"body",5
"India",4706,3,0.5,"mind",5
"India",4707,0,-0.5,"body",5
"India",4707,1,0.5,"mind",5
"India",4714,1,-0.5,"body",5
"India",4714,3,0.5,"mind",5
"India",4720,2,-0.5,"body",5
"India",4720,3,0.5,"mind",5
"India",4721,1,-0.5,"body",5
"India",4721,2,0.5,"mind",5
"India",4723,3,-0.5,"body",5
"India",4723,3,0.5,"mind",5
"India",4728,1,-0.5,"body",5
"India",4728,2,0.5,"mind",5
"India",4735,0,-0.5,"body",5
"India",4735,2,0.5,"mind",5
"India",4745,3,-0.5,"body",5
"India",4745,2,0.5,"mind",5
"India",4750,0,-0.5,"body",5
"India",4750,3,0.5,"mind",5
"India",4761,0,-0.5,"body",5
"India",4761,0,0.5,"mind",5
"India",4768,0,-0.5,"body",5
"India",4768,0,0.5,"mind",5
"India",4770,3,-0.5,"body",5
"India",4770,3,0.5,"mind",5
"India",4784,0,-0.5,"body",5
"India",4784,2,0.5,"mind",5
"India",4788,2,-0.5,"body",5
"India",4788,2,0.5,"mind",5
"India",4789,0,-0.5,"body",5
"India",4789,3,0.5,"mind",5
"India",4795,1,-0.5,"body",5
"India",4795,3,0.5,"mind",5
"India",4796,1,-0.5,"body",5
"India",4796,3,0.5,"mind",5
"India",4799,0,-0.5,"body",5
"India",4799,0,0.5,"mind",5
"India",4808,3,-0.5,"body",5
"India",4808,3,0.5,"mind",5
"India",4815,2,-0.5,"body",5
"India",4815,3,0.5,"mind",5
"India",4825,1,-0.5,"body",5
"India",4825,2,0.5,"mind",5
"India",4836,1,-0.5,"body",5
"India",4836,0,0.5,"mind",5
"India",4842,0,-0.5,"body",5
"India",4842,1,0.5,"mind",5
"India",4845,1,-0.5,"body",5
"India",4845,3,0.5,"mind",5
"India",4848,1,-0.5,"body",5
"India",4848,2,0.5,"mind",5
"India",4855,1,-0.5,"body",5
"India",4855,2,0.5,"mind",5
"India",4890,0,-0.5,"body",5
"India",4890,1,0.5,"mind",5
"India",4904,1,-0.5,"body",5
"India",4904,3,0.5,"mind",5
"India",4905,0,-0.5,"body",5
"India",4905,1,0.5,"mind",5
"India",4913,2,-0.5,"body",5
"India",4913,3,0.5,"mind",5
"India",4918,1,-0.5,"body",5
"India",4918,3,0.5,"mind",5
"India",4919,2,-0.5,"body",5
"India",4919,2,0.5,"mind",5
"India",4926,2,-0.5,"body",5
"India",4926,3,0.5,"mind",5
"India",4928,0,-0.5,"body",5
"India",4928,3,0.5,"mind",5
"India",4930,0,-0.5,"body",5
"India",4930,3,0.5,"mind",5
"India",4948,3,-0.5,"body",5
"India",4948,2,0.5,"mind",5
"India",4953,3,-0.5,"body",5
"India",4953,3,0.5,"mind",5
"India",4967,0,-0.5,"body",5
"India",4967,3,0.5,"mind",5
"India",4970,0,-0.5,"body",5
"India",4970,2,0.5,"mind",5
"India",4972,1,-0.5,"body",5
"India",4972,2,0.5,"mind",5
"India",4975,3,-0.5,"body",5
"India",4975,2,0.5,"mind",5
"India",4976,1,-0.5,"body",5
"India",4976,3,0.5,"mind",5
"India",4980,0,-0.5,"body",5
"India",4980,2,0.5,"mind",5
"India",4981,0,-0.5,"body",5
"India",4981,0,0.5,"mind",5
"India",4984,0,-0.5,"body",5
"India",4984,1,0.5,"mind",5
"India",4993,2,-0.5,"body",5
"India",4993,2,0.5,"mind",5
"India",4996,0,-0.5,"body",5
"India",4996,1,0.5,"mind",5
"India",4998,0,-0.5,"body",5
"India",4998,1,0.5,"mind",5
"India",5003,0,-0.5,"body",5
"India",5003,2,0.5,"mind",5
"India",5005,2,-0.5,"body",5
"India",5005,3,0.5,"mind",5
"India",5006,1,-0.5,"body",5
"India",5006,3,0.5,"mind",5
"India",5013,2,-0.5,"body",5
"India",5013,2,0.5,"mind",5
"India",5023,0,-0.5,"body",5
"India",5023,1,0.5,"mind",5
"India",5024,0,-0.5,"body",5
"India",5024,0,0.5,"mind",5
"India",5033,0,-0.5,"body",5
"India",5033,3,0.5,"mind",5
"Ireland",5045,0,-0.5,"body",6
"Ireland",5045,1,0.5,"mind",6
"Ireland",5057,1,-0.5,"body",6
"Ireland",5057,3,0.5,"mind",6
"Ireland",5085,0,-0.5,"body",6
"Ireland",5085,0,0.5,"mind",6
"Ireland",5087,0,-0.5,"body",6
"Ireland",5087,0,0.5,"mind",6
"Ireland",5090,1,-0.5,"body",6
"Ireland",5090,3,0.5,"mind",6
"Ireland",5098,1,-0.5,"body",6
"Ireland",5098,3,0.5,"mind",6
"Ireland",5112,1,-0.5,"body",6
"Ireland",5112,3,0.5,"mind",6
"Ireland",5121,0,-0.5,"body",6
"Ireland",5121,0,0.5,"mind",6
"Ireland",5128,0,-0.5,"body",6
"Ireland",5128,0,0.5,"mind",6
"Ireland",5135,0,-0.5,"body",6
"Ireland",5135,0,0.5,"mind",6
"Ireland",5139,1,-0.5,"body",6
"Ireland",5139,2,0.5,"mind",6
"Ireland",5145,0,-0.5,"body",6
"Ireland",5145,2,0.5,"mind",6
"Ireland",5152,2,-0.5,"body",6
"Ireland",5152,3,0.5,"mind",6
"Ireland",5164,0,-0.5,"body",6
"Ireland",5164,0,0.5,"mind",6
"Ireland",5167,0,-0.5,"body",6
"Ireland",5167,3,0.5,"mind",6
"Ireland",5171,3,-0.5,"body",6
"Ireland",5171,3,0.5,"mind",6
"Ireland",5187,1,-0.5,"body",6
"Ireland",5187,1,0.5,"mind",6
"Ireland",5199,0,-0.5,"body",6
"Ireland",5199,1,0.5,"mind",6
"Ireland",5200,1,-0.5,"body",6
"Ireland",5200,0,0.5,"mind",6
"Ireland",5201,0,-0.5,"body",6
"Ireland",5201,1,0.5,"mind",6
"Ireland",5207,1,-0.5,"body",6
"Ireland",5207,3,0.5,"mind",6
"Ireland",5213,0,-0.5,"body",6
"Ireland",5213,0,0.5,"mind",6
"Ireland",5225,0,-0.5,"body",6
"Ireland",5225,1,0.5,"mind",6
"Ireland",5232,0,-0.5,"body",6
"Ireland",5232,0,0.5,"mind",6
"Ireland",5239,1,-0.5,"body",6
"Ireland",5239,3,0.5,"mind",6
"Ireland",5242,2,-0.5,"body",6
"Ireland",5242,3,0.5,"mind",6
"Ireland",5246,0,-0.5,"body",6
"Ireland",5246,0,0.5,"mind",6
"Ireland",5257,2,-0.5,"body",6
"Ireland",5257,2,0.5,"mind",6
"Ireland",5264,2,-0.5,"body",6
"Ireland",5264,3,0.5,"mind",6
"Ireland",5266,1,-0.5,"body",6
"Ireland",5266,3,0.5,"mind",6
"Ireland",5302,0,-0.5,"body",6
"Ireland",5302,1,0.5,"mind",6
"Ireland",5304,1,-0.5,"body",6
"Ireland",5304,2,0.5,"mind",6
"Ireland",5314,0,-0.5,"body",6
"Ireland",5314,2,0.5,"mind",6
"Ireland",5319,0,-0.5,"body",6
"Ireland",5319,3,0.5,"mind",6
"Ireland",5321,1,-0.5,"body",6
"Ireland",5321,2,0.5,"mind",6
"Ireland",5327,0,-0.5,"body",6
"Ireland",5327,0,0.5,"mind",6
"Ireland",5331,1,-0.5,"body",6
"Ireland",5331,2,0.5,"mind",6
"Ireland",5332,0,-0.5,"body",6
"Ireland",5332,1,0.5,"mind",6
"Ireland",5333,0,-0.5,"body",6
"Ireland",5333,2,0.5,"mind",6
"Ireland",5335,1,-0.5,"body",6
"Ireland",5335,3,0.5,"mind",6
"Ireland",5344,0,-0.5,"body",6
"Ireland",5344,0,0.5,"mind",6
"Ireland",5347,1,-0.5,"body",6
"Ireland",5347,3,0.5,"mind",6
"Ireland",5349,1,-0.5,"body",6
"Ireland",5349,3,0.5,"mind",6
"Ireland",5353,0,-0.5,"body",6
"Ireland",5353,0,0.5,"mind",6
"Ireland",5360,0,-0.5,"body",6
"Ireland",5360,0,0.5,"mind",6
"Ireland",5367,0,-0.5,"body",6
"Ireland",5367,0,0.5,"mind",6
"Ireland",5370,0,-0.5,"body",6
"Ireland",5370,0,0.5,"mind",6
"Ireland",5380,0,-0.5,"body",6
"Ireland",5380,2,0.5,"mind",6
"Ireland",5394,0,-0.5,"body",6
"Ireland",5394,0,0.5,"mind",6
"Ireland",5406,0,-0.5,"body",6
"Ireland",5406,0,0.5,"mind",6
"Ireland",5411,2,-0.5,"body",6
"Ireland",5411,3,0.5,"mind",6
"Ireland",5418,0,-0.5,"body",6
"Ireland",5418,3,0.5,"mind",6
"Ireland",5423,1,-0.5,"body",6
"Ireland",5423,2,0.5,"mind",6
"Ireland",5428,2,-0.5,"body",6
"Ireland",5428,2,0.5,"mind",6
"Ireland",5431,0,-0.5,"body",6
"Ireland",5431,1,0.5,"mind",6
"Ireland",5436,0,-0.5,"body",6
"Ireland",5436,1,0.5,"mind",6
"Ireland",5448,0,-0.5,"body",6
"Ireland",5448,0,0.5,"mind",6
"Ireland",5451,0,-0.5,"body",6
"Ireland",5451,0,0.5,"mind",6
"Ireland",5456,0,-0.5,"body",6
"Ireland",5456,2,0.5,"mind",6
"Ireland",5470,0,-0.5,"body",6
"Ireland",5470,0,0.5,"mind",6
"Italy",5982,0,-0.5,"body",7
"Italy",5982,0,0.5,"mind",7
"Italy",5983,0,-0.5,"body",7
"Italy",5983,0,0.5,"mind",7
"Italy",5986,1,-0.5,"body",7
"Italy",5986,3,0.5,"mind",7
"Italy",5987,0,-0.5,"body",7
"Italy",5987,0,0.5,"mind",7
"Italy",5991,1,-0.5,"body",7
"Italy",5991,1,0.5,"mind",7
"Italy",6003,0,-0.5,"body",7
"Italy",6003,0,0.5,"mind",7
"Italy",6004,0,-0.5,"body",7
"Italy",6004,0,0.5,"mind",7
"Italy",6015,0,-0.5,"body",7
"Italy",6015,0,0.5,"mind",7
"Italy",6017,0,-0.5,"body",7
"Italy",6017,0,0.5,"mind",7
"Italy",6024,0,-0.5,"body",7
"Italy",6024,1,0.5,"mind",7
"Italy",6040,0,-0.5,"body",7
"Italy",6040,0,0.5,"mind",7
"Italy",6045,2,-0.5,"body",7
"Italy",6045,3,0.5,"mind",7
"Italy",6049,1,-0.5,"body",7
"Italy",6049,3,0.5,"mind",7
"Italy",6053,1,-0.5,"body",7
"Italy",6053,3,0.5,"mind",7
"Italy",6057,0,-0.5,"body",7
"Italy",6057,0,0.5,"mind",7
"Italy",6067,0,-0.5,"body",7
"Italy",6067,2,0.5,"mind",7
"Italy",6082,2,-0.5,"body",7
"Italy",6082,3,0.5,"mind",7
"Italy",6083,1,-0.5,"body",7
"Italy",6083,2,0.5,"mind",7
"Italy",6084,0,-0.5,"body",7
"Italy",6084,0,0.5,"mind",7
"Italy",6090,1,-0.5,"body",7
"Italy",6090,3,0.5,"mind",7
"Italy",6094,2,-0.5,"body",7
"Italy",6094,3,0.5,"mind",7
"Italy",6095,0,-0.5,"body",7
"Italy",6095,0,0.5,"mind",7
"Italy",6101,1,-0.5,"body",7
"Italy",6101,3,0.5,"mind",7
"Italy",6109,0,-0.5,"body",7
"Italy",6109,0,0.5,"mind",7
"Italy",6110,0,-0.5,"body",7
"Italy",6110,3,0.5,"mind",7
"Italy",6115,1,-0.5,"body",7
"Italy",6115,3,0.5,"mind",7
"Italy",6117,0,-0.5,"body",7
"Italy",6117,0,0.5,"mind",7
"Italy",6125,1,-0.5,"body",7
"Italy",6125,3,0.5,"mind",7
"Italy",6128,1,-0.5,"body",7
"Italy",6128,3,0.5,"mind",7
"Italy",6132,0,-0.5,"body",7
"Italy",6132,0,0.5,"mind",7
"Italy",6137,2,-0.5,"body",7
"Italy",6137,3,0.5,"mind",7
"Italy",6140,0,-0.5,"body",7
"Italy",6140,0,0.5,"mind",7
"Italy",6149,0,-0.5,"body",7
"Italy",6149,1,0.5,"mind",7
"Italy",6151,0,-0.5,"body",7
"Italy",6151,0,0.5,"mind",7
"Italy",6154,0,-0.5,"body",7
"Italy",6154,2,0.5,"mind",7
"Italy",6165,0,-0.5,"body",7
"Italy",6165,1,0.5,"mind",7
"Italy",6168,0,-0.5,"body",7
"Italy",6168,0,0.5,"mind",7
"Italy",6175,1,-0.5,"body",7
"Italy",6175,3,0.5,"mind",7
"Italy",6183,0,-0.5,"body",7
"Italy",6183,0,0.5,"mind",7
"Italy",6188,0,-0.5,"body",7
"Italy",6188,3,0.5,"mind",7
"Italy",6197,1,-0.5,"body",7
"Italy",6197,2,0.5,"mind",7
"Italy",6201,2,-0.5,"body",7
"Italy",6201,3,0.5,"mind",7
"Italy",6203,1,-0.5,"body",7
"Italy",6203,3,0.5,"mind",7
"Italy",6204,1,-0.5,"body",7
"Italy",6204,2,0.5,"mind",7
"Italy",6213,0,-0.5,"body",7
"Italy",6213,3,0.5,"mind",7
"Italy",6218,0,-0.5,"body",7
"Italy",6218,0,0.5,"mind",7
"Italy",6219,1,-0.5,"body",7
"Italy",6219,3,0.5,"mind",7
"Italy",6227,0,-0.5,"body",7
"Italy",6227,0,0.5,"mind",7
"Italy",6228,0,-0.5,"body",7
"Italy",6228,0,0.5,"mind",7
"Italy",6243,0,-0.5,"body",7
"Italy",6243,3,0.5,"mind",7
"Italy",6245,0,-0.5,"body",7
"Italy",6245,3,0.5,"mind",7
"Italy",6248,0,-0.5,"body",7
"Italy",6248,0,0.5,"mind",7
"Italy",6260,0,-0.5,"body",7
"Italy",6260,0,0.5,"mind",7
"Italy",6272,0,-0.5,"body",7
"Italy",6272,0,0.5,"mind",7
"Italy",6279,1,-0.5,"body",7
"Italy",6279,3,0.5,"mind",7
"Italy",6285,1,-0.5,"body",7
"Italy",6285,2,0.5,"mind",7
"Italy",6297,0,-0.5,"body",7
"Italy",6297,0,0.5,"mind",7
"Italy",6298,0,-0.5,"body",7
"Italy",6298,0,0.5,"mind",7
"Italy",6299,0,-0.5,"body",7
"Italy",6299,0,0.5,"mind",7
"Italy",6307,0,-0.5,"body",7
"Italy",6307,0,0.5,"mind",7
"Morocco",7037,0,-0.5,"body",8
"Morocco",7037,0,0.5,"mind",8
"Morocco",7038,0,-0.5,"body",8
"Morocco",7038,3,0.5,"mind",8
"Morocco",7041,1,-0.5,"body",8
"Morocco",7041,3,0.5,"mind",8
"Morocco",7059,2,-0.5,"body",8
"Morocco",7059,2,0.5,"mind",8
"Morocco",7065,1,-0.5,"body",8
"Morocco",7065,3,0.5,"mind",8
"Morocco",7066,0,-0.5,"body",8
"Morocco",7066,3,0.5,"mind",8
"Morocco",7072,2,-0.5,"body",8
"Morocco",7072,3,0.5,"mind",8
"Morocco",7079,0,-0.5,"body",8
"Morocco",7079,0,0.5,"mind",8
"Morocco",7090,0,-0.5,"body",8
"Morocco",7090,0,0.5,"mind",8
"Morocco",7091,1,-0.5,"body",8
"Morocco",7091,1,0.5,"mind",8
"Morocco",7102,0,-0.5,"body",8
"Morocco",7102,1,0.5,"mind",8
"Morocco",7111,2,-0.5,"body",8
"Morocco",7111,2,0.5,"mind",8
"Morocco",7114,1,-0.5,"body",8
"Morocco",7114,2,0.5,"mind",8
"Morocco",7116,1,-0.5,"body",8
"Morocco",7116,2,0.5,"mind",8
"Morocco",7126,0,-0.5,"body",8
"Morocco",7126,0,0.5,"mind",8
"Morocco",7128,0,-0.5,"body",8
"Morocco",7128,0,0.5,"mind",8
"Morocco",7135,1,-0.5,"body",8
"Morocco",7135,2,0.5,"mind",8
"Morocco",7146,2,-0.5,"body",8
"Morocco",7146,3,0.5,"mind",8
"Morocco",7149,1,-0.5,"body",8
"Morocco",7149,1,0.5,"mind",8
"Morocco",7152,0,-0.5,"body",8
"Morocco",7152,0,0.5,"mind",8
"Morocco",7167,0,-0.5,"body",8
"Morocco",7167,0,0.5,"mind",8
"Morocco",7171,0,-0.5,"body",8
"Morocco",7171,0,0.5,"mind",8
"Morocco",7174,0,-0.5,"body",8
"Morocco",7174,0,0.5,"mind",8
"Morocco",7177,0,-0.5,"body",8
"Morocco",7177,1,0.5,"mind",8
"Morocco",7186,0,-0.5,"body",8
"Morocco",7186,2,0.5,"mind",8
"Morocco",7187,1,-0.5,"body",8
"Morocco",7187,3,0.5,"mind",8
"Morocco",7191,0,-0.5,"body",8
"Morocco",7191,3,0.5,"mind",8
"Morocco",7192,0,-0.5,"body",8
"Morocco",7192,1,0.5,"mind",8
"Morocco",7198,0,-0.5,"body",8
"Morocco",7198,1,0.5,"mind",8
"Morocco",7199,1,-0.5,"body",8
"Morocco",7199,3,0.5,"mind",8
"Morocco",7204,1,-0.5,"body",8
"Morocco",7204,2,0.5,"mind",8
"Morocco",7216,0,-0.5,"body",8
"Morocco",7216,1,0.5,"mind",8
"Morocco",7218,1,-0.5,"body",8
"Morocco",7218,3,0.5,"mind",8
"Morocco",7219,1,-0.5,"body",8
"Morocco",7219,1,0.5,"mind",8
"Morocco",7224,0,-0.5,"body",8
"Morocco",7224,0,0.5,"mind",8
"Morocco",7229,0,-0.5,"body",8
"Morocco",7229,0,0.5,"mind",8
"Morocco",7236,0,-0.5,"body",8
"Morocco",7236,0,0.5,"mind",8
"Morocco",7239,0,-0.5,"body",8
"Morocco",7239,3,0.5,"mind",8
"Morocco",7242,0,-0.5,"body",8
"Morocco",7242,0,0.5,"mind",8
"Morocco",7245,1,-0.5,"body",8
"Morocco",7245,1,0.5,"mind",8
"Morocco",7249,1,-0.5,"body",8
"Morocco",7249,3,0.5,"mind",8
"Morocco",7250,0,-0.5,"body",8
"Morocco",7250,0,0.5,"mind",8
"Morocco",7252,0,-0.5,"body",8
"Morocco",7252,1,0.5,"mind",8
"Morocco",7255,0,-0.5,"body",8
"Morocco",7255,0,0.5,"mind",8
"Morocco",7257,0,-0.5,"body",8
"Morocco",7257,0,0.5,"mind",8
"Morocco",7260,1,-0.5,"body",8
"Morocco",7260,2,0.5,"mind",8
"Morocco",7262,2,-0.5,"body",8
"Morocco",7262,1,0.5,"mind",8
"Morocco",7266,1,-0.5,"body",8
"Morocco",7266,2,0.5,"mind",8
"Morocco",7286,1,-0.5,"body",8
"Morocco",7286,2,0.5,"mind",8
"Morocco",7290,0,-0.5,"body",8
"Morocco",7290,2,0.5,"mind",8
"Morocco",7291,1,-0.5,"body",8
"Morocco",7291,3,0.5,"mind",8
"Morocco",7302,0,-0.5,"body",8
"Morocco",7302,2,0.5,"mind",8
"Morocco",7308,2,-0.5,"body",8
"Morocco",7308,2,0.5,"mind",8
"Morocco",7321,1,-0.5,"body",8
"Morocco",7321,3,0.5,"mind",8
"Morocco",7326,0,-0.5,"body",8
"Morocco",7326,2,0.5,"mind",8
"Morocco",7330,1,-0.5,"body",8
"Morocco",7330,3,0.5,"mind",8
"Morocco",7333,1,-0.5,"body",8
"Morocco",7333,0,0.5,"mind",8
"Morocco",7340,0,-0.5,"body",8
"Morocco",7340,3,0.5,"mind",8
"Morocco",7344,1,-0.5,"body",8
"Morocco",7344,1,0.5,"mind",8
"Morocco",7353,0,-0.5,"body",8
"Morocco",7353,0,0.5,"mind",8
"Netherlands",7380,0,-0.5,"body",9
"Netherlands",7380,0,0.5,"mind",9
"Netherlands",7390,0,-0.5,"body",9
"Netherlands",7390,3,0.5,"mind",9
"Netherlands",7405,1,-0.5,"body",9
"Netherlands",7405,2,0.5,"mind",9
"Netherlands",7421,0,-0.5,"body",9
"Netherlands",7421,0,0.5,"mind",9
"Netherlands",7431,1,-0.5,"body",9
"Netherlands",7431,3,0.5,"mind",9
"Netherlands",7444,0,-0.5,"body",9
"Netherlands",7444,0,0.5,"mind",9
"Netherlands",7455,0,-0.5,"body",9
"Netherlands",7455,0,0.5,"mind",9
"Netherlands",7465,0,-0.5,"body",9
"Netherlands",7465,0,0.5,"mind",9
"Netherlands",7468,2,-0.5,"body",9
"Netherlands",7468,3,0.5,"mind",9
"Netherlands",7470,1,-0.5,"body",9
"Netherlands",7470,1,0.5,"mind",9
"Netherlands",7473,1,-0.5,"body",9
"Netherlands",7473,2,0.5,"mind",9
"Netherlands",7480,0,-0.5,"body",9
"Netherlands",7480,0,0.5,"mind",9
"Netherlands",7482,0,-0.5,"body",9
"Netherlands",7482,0,0.5,"mind",9
"Netherlands",7488,0,-0.5,"body",9
"Netherlands",7488,0,0.5,"mind",9
"Netherlands",7505,0,-0.5,"body",9
"Netherlands",7505,1,0.5,"mind",9
"Netherlands",7523,0,-0.5,"body",9
"Netherlands",7523,0,0.5,"mind",9
"Netherlands",7533,1,-0.5,"body",9
"Netherlands",7533,3,0.5,"mind",9
"Netherlands",7535,0,-0.5,"body",9
"Netherlands",7535,1,0.5,"mind",9
"Netherlands",7540,0,-0.5,"body",9
"Netherlands",7540,0,0.5,"mind",9
"Netherlands",7542,0,-0.5,"body",9
"Netherlands",7542,0,0.5,"mind",9
"Netherlands",7547,0,-0.5,"body",9
"Netherlands",7547,0,0.5,"mind",9
"Netherlands",7548,0,-0.5,"body",9
"Netherlands",7548,0,0.5,"mind",9
"Netherlands",7555,2,-0.5,"body",9
"Netherlands",7555,1,0.5,"mind",9
"Netherlands",7557,0,-0.5,"body",9
"Netherlands",7557,0,0.5,"mind",9
"Netherlands",7571,0,-0.5,"body",9
"Netherlands",7571,0,0.5,"mind",9
"Netherlands",7592,3,-0.5,"body",9
"Netherlands",7592,3,0.5,"mind",9
"Netherlands",7603,0,-0.5,"body",9
"Netherlands",7603,0,0.5,"mind",9
"Netherlands",7607,0,-0.5,"body",9
"Netherlands",7607,0,0.5,"mind",9
"Netherlands",7611,1,-0.5,"body",9
"Netherlands",7611,3,0.5,"mind",9
"Netherlands",7614,0,-0.5,"body",9
"Netherlands",7614,0,0.5,"mind",9
"Netherlands",7617,0,-0.5,"body",9
"Netherlands",7617,0,0.5,"mind",9
"Netherlands",7621,0,-0.5,"body",9
"Netherlands",7621,0,0.5,"mind",9
"Netherlands",7623,0,-0.5,"body",9
"Netherlands",7623,0,0.5,"mind",9
"Netherlands",7634,1,-0.5,"body",9
"Netherlands",7634,1,0.5,"mind",9
"Netherlands",7663,0,-0.5,"body",9
"Netherlands",7663,0,0.5,"mind",9
"Netherlands",7665,0,-0.5,"body",9
"Netherlands",7665,0,0.5,"mind",9
"Netherlands",7669,1,-0.5,"body",9
"Netherlands",7669,3,0.5,"mind",9
"Netherlands",7670,0,-0.5,"body",9
"Netherlands",7670,0,0.5,"mind",9
"Netherlands",7687,0,-0.5,"body",9
"Netherlands",7687,0,0.5,"mind",9
"Netherlands",7692,1,-0.5,"body",9
"Netherlands",7692,3,0.5,"mind",9
"Netherlands",7698,0,-0.5,"body",9
"Netherlands",7698,0,0.5,"mind",9
"Netherlands",7701,0,-0.5,"body",9
"Netherlands",7701,0,0.5,"mind",9
"Netherlands",7712,0,-0.5,"body",9
"Netherlands",7712,2,0.5,"mind",9
"Netherlands",7717,0,-0.5,"body",9
"Netherlands",7717,0,0.5,"mind",9
"Netherlands",7727,1,-0.5,"body",9
"Netherlands",7727,2,0.5,"mind",9
"Netherlands",7732,0,-0.5,"body",9
"Netherlands",7732,0,0.5,"mind",9
"Netherlands",7743,0,-0.5,"body",9
"Netherlands",7743,0,0.5,"mind",9
"Netherlands",7753,0,-0.5,"body",9
"Netherlands",7753,0,0.5,"mind",9
"Netherlands",7758,0,-0.5,"body",9
"Netherlands",7758,2,0.5,"mind",9
"Netherlands",7760,0,-0.5,"body",9
"Netherlands",7760,0,0.5,"mind",9
"Netherlands",7769,0,-0.5,"body",9
"Netherlands",7769,0,0.5,"mind",9
"Netherlands",7771,0,-0.5,"body",9
"Netherlands",7771,0,0.5,"mind",9
"Netherlands",7776,0,-0.5,"body",9
"Netherlands",7776,0,0.5,"mind",9
"Netherlands",7792,0,-0.5,"body",9
"Netherlands",7792,0,0.5,"mind",9
"Netherlands",7794,0,-0.5,"body",9
"Netherlands",7794,2,0.5,"mind",9
"Netherlands",7796,0,-0.5,"body",9
"Netherlands",7796,0,0.5,"mind",9
"Netherlands",7827,1,-0.5,"body",9
"Netherlands",7827,2,0.5,"mind",9
"Netherlands",7830,0,-0.5,"body",9
"Netherlands",7830,0,0.5,"mind",9
"Netherlands",7837,0,-0.5,"body",9
"Netherlands",7837,0,0.5,"mind",9
"Netherlands",7838,0,-0.5,"body",9
"Netherlands",7838,0,0.5,"mind",9
"Singapore",8388,0,-0.5,"body",10
"Singapore",8388,0,0.5,"mind",10
"Singapore",8397,0,-0.5,"body",10
"Singapore",8397,3,0.5,"mind",10
"Singapore",8404,1,-0.5,"body",10
"Singapore",8404,3,0.5,"mind",10
"Singapore",8407,0,-0.5,"body",10
"Singapore",8407,0,0.5,"mind",10
"Singapore",8409,1,-0.5,"body",10
"Singapore",8409,3,0.5,"mind",10
"Singapore",8414,1,-0.5,"body",10
"Singapore",8414,3,0.5,"mind",10
"Singapore",8418,2,-0.5,"body",10
"Singapore",8418,3,0.5,"mind",10
"Singapore",8435,0,-0.5,"body",10
"Singapore",8435,0,0.5,"mind",10
"Singapore",8440,1,-0.5,"body",10
"Singapore",8440,3,0.5,"mind",10
"Singapore",8442,0,-0.5,"body",10
"Singapore",8442,0,0.5,"mind",10
"Singapore",8454,2,-0.5,"body",10
"Singapore",8454,3,0.5,"mind",10
"Singapore",8456,2,-0.5,"body",10
"Singapore",8456,2,0.5,"mind",10
"Singapore",8460,0,-0.5,"body",10
"Singapore",8460,2,0.5,"mind",10
"Singapore",8464,0,-0.5,"body",10
"Singapore",8464,1,0.5,"mind",10
"Singapore",8467,2,-0.5,"body",10
"Singapore",8467,3,0.5,"mind",10
"Singapore",8470,1,-0.5,"body",10
"Singapore",8470,3,0.5,"mind",10
"Singapore",8479,1,-0.5,"body",10
"Singapore",8479,1,0.5,"mind",10
"Singapore",8480,1,-0.5,"body",10
"Singapore",8480,2,0.5,"mind",10
"Singapore",8481,0,-0.5,"body",10
"Singapore",8481,3,0.5,"mind",10
"Singapore",8484,1,-0.5,"body",10
"Singapore",8484,2,0.5,"mind",10
"Singapore",8488,1,-0.5,"body",10
"Singapore",8488,2,0.5,"mind",10
"Singapore",8490,2,-0.5,"body",10
"Singapore",8490,3,0.5,"mind",10
"Singapore",8492,1,-0.5,"body",10
"Singapore",8492,3,0.5,"mind",10
"Singapore",8516,1,-0.5,"body",10
"Singapore",8516,3,0.5,"mind",10
"Singapore",8517,1,-0.5,"body",10
"Singapore",8517,3,0.5,"mind",10
"Singapore",8518,0,-0.5,"body",10
"Singapore",8518,0,0.5,"mind",10
"Singapore",8525,1,-0.5,"body",10
"Singapore",8525,2,0.5,"mind",10
"Singapore",8526,2,-0.5,"body",10
"Singapore",8526,3,0.5,"mind",10
"Singapore",8528,0,-0.5,"body",10
"Singapore",8528,0,0.5,"mind",10
"Singapore",8529,3,-0.5,"body",10
"Singapore",8529,3,0.5,"mind",10
"Singapore",8536,1,-0.5,"body",10
"Singapore",8536,3,0.5,"mind",10
"Singapore",8538,0,-0.5,"body",10
"Singapore",8538,0,0.5,"mind",10
"Singapore",8540,1,-0.5,"body",10
"Singapore",8540,2,0.5,"mind",10
"Singapore",8551,0,-0.5,"body",10
"Singapore",8551,0,0.5,"mind",10
"Singapore",8554,2,-0.5,"body",10
"Singapore",8554,3,0.5,"mind",10
"Singapore",8563,0,-0.5,"body",10
"Singapore",8563,1,0.5,"mind",10
"Singapore",8564,1,-0.5,"body",10
"Singapore",8564,3,0.5,"mind",10
"Singapore",8568,1,-0.5,"body",10
"Singapore",8568,2,0.5,"mind",10
"Singapore",8569,1,-0.5,"body",10
"Singapore",8569,3,0.5,"mind",10
"Singapore",8570,2,-0.5,"body",10
"Singapore",8570,3,0.5,"mind",10
"Singapore",8572,0,-0.5,"body",10
"Singapore",8572,2,0.5,"mind",10
"Singapore",8576,3,-0.5,"body",10
"Singapore",8576,3,0.5,"mind",10
"Singapore",8581,2,-0.5,"body",10
"Singapore",8581,3,0.5,"mind",10
"Singapore",8582,1,-0.5,"body",10
"Singapore",8582,3,0.5,"mind",10
"Singapore",8587,1,-0.5,"body",10
"Singapore",8587,3,0.5,"mind",10
"Singapore",8590,0,-0.5,"body",10
"Singapore",8590,0,0.5,"mind",10
"Singapore",8604,1,-0.5,"body",10
"Singapore",8604,3,0.5,"mind",10
"Singapore",8613,2,-0.5,"body",10
"Singapore",8613,3,0.5,"mind",10
"Singapore",8621,1,-0.5,"body",10
"Singapore",8621,3,0.5,"mind",10
"Singapore",8641,0,-0.5,"body",10
"Singapore",8641,3,0.5,"mind",10
"Singapore",8643,2,-0.5,"body",10
"Singapore",8643,3,0.5,"mind",10
"Singapore",8647,3,-0.5,"body",10
"Singapore",8647,2,0.5,"mind",10
"Singapore",8649,2,-0.5,"body",10
"Singapore",8649,3,0.5,"mind",10
"Singapore",8650,0,-0.5,"body",10
"Singapore",8650,3,0.5,"mind",10
"Singapore",8652,2,-0.5,"body",10
"Singapore",8652,3,0.5,"mind",10
"Singapore",8656,3,-0.5,"body",10
"Singapore",8656,3,0.5,"mind",10
"Singapore",8657,0,-0.5,"body",10
"Singapore",8657,3,0.5,"mind",10
"Singapore",8662,0,-0.5,"body",10
"Singapore",8662,3,0.5,"mind",10
"Singapore",8686,1,-0.5,"body",10
"Singapore",8686,2,0.5,"mind",10
"Singapore",8687,0,-0.5,"body",10
"Singapore",8687,3,0.5,"mind",10
